                  epoch,         train/box_loss,         train/cls_loss,         train/dfl_loss,   metrics/precision(B),      metrics/recall(B),       metrics/mAP50(B),    metrics/mAP50-95(B),           val/box_loss,           val/cls_loss,           val/dfl_loss,                 lr/pg0,                 lr/pg1,                 lr/pg2
                      0,                 1.4826,                 1.3121,                 1.0609,                0.52013,                0.28739,                0.28763,                0.15688,                 1.3768,                 0.9703,                 1.0084,               0.070007,              0.0033326,              0.0033326
                      1,                 1.4173,                 1.0176,                 1.0252,                0.45844,                0.31329,                0.32421,                0.17707,                 1.3415,                0.90509,                0.99059,               0.038687,              0.0053461,              0.0053461
                      2,                 1.4012,                0.97458,                 1.0177,                0.47592,                0.33277,                0.34494,                0.18844,                  1.317,                 0.8583,                0.97696,              0.0060472,              0.0060395,              0.0060395
                      3,                 1.3688,                 0.9271,                 1.0074,                 0.4876,                0.35466,                0.37214,                0.20644,                 1.2864,                0.81422,                 0.9644,                0.00406,                0.00406,                0.00406
                      4,                 1.3502,                0.89991,                0.99964,                0.50053,                0.36485,                0.38643,                0.21396,                 1.2748,                0.79295,                0.96101,                0.00406,                0.00406,                0.00406
